,Abyssinian,american_bulldog,american_pit_bull_terrier,basset_hound,beagle,Bengal,Birman,Bombay,boxer,British_Shorthair,chihuahua,Egyptian_Mau,english_cocker_spaniel,english_setter,german_shorthaired,great_pyrenees,havanese,japanese_chin,keeshond,leonberger,Maine_Coon,miniature_pinscher,newfoundland,Persian,pomeranian,pug,Ragdoll,Russian_Blue,saint_bernard,samoyed,scottish_terrier,shiba_inu,Siamese,Sphynx,staffordshire_bull_terrier,wheaten_terrier,yorkshire_terrier
Abyssinian,0,0,0,0,0,0,7,0,0,0,0,0,0,0,0,4,0,0,0,0,0,0,0,0,27,0,0,0,0,60,0,0,0,0,0,0,0
american_bulldog,0,0,0,0,0,0,1,0,0,0,0,0,0,0,0,1,0,0,0,0,0,0,0,0,11,0,0,0,0,87,0,0,0,0,0,0,0
american_pit_bull_terrier,0,0,0,0,0,0,1,0,0,0,0,0,0,0,0,3,0,0,0,0,0,0,0,0,18,0,0,0,0,78,0,0,0,0,0,0,0
basset_hound,0,0,0,0,0,0,6,0,0,0,0,0,0,0,0,1,0,0,0,0,0,0,0,0,17,0,0,0,0,76,0,0,0,0,0,0,0
beagle,0,0,0,0,0,0,7,0,0,0,0,0,0,0,0,2,0,0,0,0,0,0,0,0,18,0,0,0,0,73,0,0,0,0,0,0,0
Bengal,0,0,0,0,0,0,4,0,0,0,0,0,0,0,0,1,0,0,0,0,0,0,0,0,25,0,0,0,0,70,0,0,0,0,0,0,0
Birman,0,0,0,0,0,0,7,0,0,0,0,0,0,0,0,0,0,0,0,0,0,0,0,0,17,0,0,0,0,76,0,0,0,0,0,0,0
Bombay,0,0,0,0,0,0,7,0,0,0,0,0,0,0,0,1,0,0,0,0,0,0,0,0,8,0,0,0,0,72,0,0,0,0,0,0,0
boxer,0,0,0,0,0,0,9,0,0,0,0,0,0,0,0,4,0,0,0,0,0,0,0,0,23,0,0,0,0,63,0,0,0,0,0,0,0
British_Shorthair,0,0,0,0,0,0,6,0,0,0,0,0,0,0,0,1,0,0,0,0,0,0,0,0,24,0,0,0,0,69,0,0,0,0,0,0,0
chihuahua,0,0,0,0,0,0,1,0,0,0,0,0,0,0,0,3,0,0,0,0,0,0,0,0,25,0,0,0,0,71,0,0,0,0,0,0,0
Egyptian_Mau,0,0,0,0,0,0,9,0,0,0,0,0,0,0,0,0,0,0,0,0,0,0,0,0,15,0,0,0,0,72,0,0,0,0,0,1,0
english_cocker_spaniel,0,0,0,0,0,0,4,0,0,0,0,0,0,0,0,0,0,0,0,0,0,0,0,0,21,0,0,0,0,74,0,0,0,0,0,1,0
english_setter,0,0,0,0,0,0,2,0,0,0,0,0,0,0,0,2,0,0,0,0,0,0,0,0,12,0,0,0,0,84,0,0,0,0,0,0,0
german_shorthaired,0,0,0,0,0,0,4,0,0,0,0,0,0,0,0,1,0,0,0,0,0,0,0,0,20,0,0,0,0,75,0,0,0,0,0,0,0
great_pyrenees,0,0,0,0,0,0,6,0,0,0,0,0,0,0,0,0,0,0,0,0,0,0,0,0,13,0,0,0,0,81,0,0,0,0,0,0,0
havanese,0,0,0,0,0,0,5,0,0,0,0,0,0,0,0,0,0,0,0,0,0,0,0,0,18,0,0,0,0,77,0,0,0,0,0,0,0
japanese_chin,0,0,0,0,0,0,4,0,0,0,0,0,0,0,0,0,0,0,0,0,0,0,0,0,9,0,0,0,0,87,0,0,0,0,0,0,0
keeshond,0,0,0,0,0,0,3,0,0,0,0,0,0,0,0,0,0,0,0,0,0,0,0,0,9,0,0,0,0,86,0,0,0,0,0,1,0
leonberger,0,0,0,0,0,0,8,0,0,0,0,0,0,0,0,0,0,0,0,0,0,0,0,0,20,0,0,0,0,72,0,0,0,0,0,0,0
Maine_Coon,0,0,0,0,0,0,5,0,0,0,0,0,0,0,0,5,0,0,0,0,0,0,0,0,22,0,0,0,0,67,0,0,0,0,0,1,0
miniature_pinscher,0,0,0,0,0,0,7,0,0,0,0,0,0,0,0,2,0,0,0,0,0,0,0,0,24,0,0,0,0,67,0,0,0,0,0,0,0
newfoundland,0,0,0,0,0,0,2,0,0,0,0,0,0,0,0,0,0,0,0,0,0,0,0,0,3,0,0,0,0,95,0,0,0,0,0,0,0
Persian,0,0,0,0,0,0,4,0,0,0,0,0,0,0,0,0,0,0,0,0,0,0,0,0,33,0,0,0,0,62,0,0,0,0,0,1,0
pomeranian,0,0,0,0,0,0,4,0,0,0,0,0,0,0,0,2,0,0,0,0,0,0,0,0,41,0,0,0,0,53,0,0,0,0,0,0,0
pug,0,0,0,0,0,0,11,0,0,0,0,0,0,0,0,0,0,0,0,0,0,0,0,0,12,0,0,0,0,77,0,0,0,0,0,0,0
Ragdoll,0,0,0,0,0,0,7,0,0,0,0,0,0,0,0,0,0,0,0,0,0,0,0,0,23,0,0,0,0,70,0,0,0,0,0,0,0
Russian_Blue,0,0,0,0,0,0,10,0,0,0,0,0,0,0,0,0,0,0,0,0,0,0,0,0,6,0,0,0,0,84,0,0,0,0,0,0,0
saint_bernard,0,0,0,0,0,0,11,0,0,0,0,0,0,0,0,0,0,0,0,0,0,0,0,0,17,0,0,0,0,72,0,0,0,0,0,0,0
samoyed,0,0,0,0,0,0,6,0,0,0,0,0,0,0,0,0,0,0,0,0,0,0,0,0,9,0,0,0,0,85,0,0,0,0,0,0,0
scottish_terrier,0,0,0,0,0,0,6,0,0,0,0,0,0,0,0,3,0,0,0,0,0,0,0,0,10,0,0,0,0,80,0,0,0,0,0,0,0
shiba_inu,0,0,0,0,0,0,9,0,0,0,0,0,0,0,0,2,0,0,0,0,0,0,0,0,34,0,0,0,0,55,0,0,0,0,0,0,0
Siamese,0,0,0,0,0,0,6,0,0,0,0,0,0,0,0,1,0,0,0,0,0,0,0,0,14,0,0,0,0,79,0,0,0,0,0,0,0
Sphynx,0,0,0,0,0,0,4,0,0,0,0,0,0,0,0,2,0,0,0,0,0,0,0,0,32,0,0,0,0,62,0,0,0,0,0,0,0
staffordshire_bull_terrier,0,0,0,0,0,0,6,0,0,0,0,0,0,0,0,1,0,0,0,0,0,0,0,0,19,0,0,0,0,63,0,0,0,0,0,0,0
wheaten_terrier,0,0,0,0,0,0,3,0,0,0,0,0,0,0,0,1,0,0,0,0,0,0,0,0,27,0,0,0,0,69,0,0,0,0,0,0,0
yorkshire_terrier,0,0,0,0,0,0,2,0,0,0,0,0,0,0,0,3,0,0,0,0,0,0,0,0,24,0,0,0,0,71,0,0,0,0,0,0,0
